refNum,lowBox,lowPaper,highBox,highPaper,lowPrice,highPrice,highLink,lowLink,lowAge,highAge,lowDealerStatus,highDealerStatus,generalLink,dateOfScrape,imageLow,imageHigh,brandLow,brandHigh,website,lowSku,highSku,
116500LN-0001,Yes,Yes,Yes,Yes,39995,39995,https://www.luxurybazaar.com/rolex-watch-116500ln-11,https://www.luxurybazaar.com/rolex-watch-116500ln-11,2021,2021,,,https://www.luxurybazaar.com/search-results?q=116500LN-0001,2022_07_10,https://www.luxurybazaar.com/media/catalog/product/cache/1/image/9df78eab33525d08d6e5fb8d27136e95/r/o/rolex_116500ln_204151_1.jpg,https://www.luxurybazaar.com/media/catalog/product/cache/1/image/9df78eab33525d08d6e5fb8d27136e95/r/o/rolex_116500ln_204151_1.jpg,Rolex,Rolex,luxurybazaar,205053,205053,
116500LN-0002,Yes,Yes,Yes,Yes,37995,37995,https://www.luxurybazaar.com/rolex-watch-116500ln-9,https://www.luxurybazaar.com/rolex-watch-116500ln-9,2020,2020,,,https://www.luxurybazaar.com/search-results?q=116500LN-0002,2022_07_10,https://www.luxurybazaar.com/media/catalog/product/cache/1/image/9df78eab33525d08d6e5fb8d27136e95/r/o/rolex_116500ln_203808_1.jpg,https://www.luxurybazaar.com/media/catalog/product/cache/1/image/9df78eab33525d08d6e5fb8d27136e95/r/o/rolex_116500ln_203808_1.jpg,Rolex,Rolex,luxurybazaar,203808,203808,
116610LN,Yes,Yes,Yes,Yes,14195,14995,https://www.luxurybazaar.com/rolex-watch-116610ln-9,https://www.luxurybazaar.com/rolex-watch-116610ln-11,2020,2017,,,https://www.luxurybazaar.com/search-results?q=116610LN,2022_07_10,https://www.luxurybazaar.com/media/catalog/product/cache/1/image/9df78eab33525d08d6e5fb8d27136e95/r/o/rolex_116610ln_198034_1a_1.jpeg,https://www.luxurybazaar.com/media/catalog/product/cache/1/image/9df78eab33525d08d6e5fb8d27136e95/r/o/rolex_116610ln_203967_1.jpg,Rolex,Rolex,luxurybazaar,205078,203967,
126610LV,Yes,Yes,Yes,Yes,20995,23295,https://www.luxurybazaar.com/rolex-watch-126610lv-3,https://www.luxurybazaar.com/rolex-submariner-date-watch-126610lv-5,2022,2020,,,https://www.luxurybazaar.com/search-results?q=126610LV,2022_07_10,https://www.luxurybazaar.com/media/catalog/product/cache/1/image/9df78eab33525d08d6e5fb8d27136e95/r/o/rolex_204885_34289.jpg,https://www.luxurybazaar.com/media/catalog/product/cache/1/image/9df78eab33525d08d6e5fb8d27136e95/r/o/rolex_126610lv_204148_32127.jpg,Rolex,Rolex,luxurybazaar,204885,204148,
116610LV,Yes,Yes,No,No,24995,26295,https://www.luxurybazaar.com/rolex-watch-116610lv-5,https://www.luxurybazaar.com/rolex-watch-116610lv-6,2018,,,,https://www.luxurybazaar.com/search-results?q=116610LV,2022_07_10,https://www.luxurybazaar.com/media/catalog/product/cache/1/image/9df78eab33525d08d6e5fb8d27136e95/r/o/rolex_116610lv_198461_1a.jpeg,https://www.luxurybazaar.com/media/catalog/product/cache/1/image/9df78eab33525d08d6e5fb8d27136e95/r/o/rolex_116610lv_198461_1a.jpg,Rolex,Rolex,luxurybazaar,205124,202818,
124060,Yes,Yes,Yes,Yes,15195,15195,https://www.luxurybazaar.com/rolex-watch-124060-9,https://www.luxurybazaar.com/rolex-watch-124060-9,2022,2022,,,https://www.luxurybazaar.com/search-results?q=124060,2022_07_10,https://www.luxurybazaar.com/media/catalog/product/cache/1/image/9df78eab33525d08d6e5fb8d27136e95/r/o/rolex_124060_195333_1_1a_1.jpg,https://www.luxurybazaar.com/media/catalog/product/cache/1/image/9df78eab33525d08d6e5fb8d27136e95/r/o/rolex_124060_195333_1_1a_1.jpg,Rolex,Rolex,luxurybazaar,204447,204447,
16610,No,No,No,No,11595,26295,https://www.luxurybazaar.com/rolex-watch-116610lv-5,https://www.luxurybazaar.com/rolex-watch-16610,1999,,,,https://www.luxurybazaar.com/search-results?q=16610,2022_07_10,https://www.luxurybazaar.com/media/catalog/product/cache/1/image/9df78eab33525d08d6e5fb8d27136e95/r/o/rolex_16610_203706_1.jpg,https://www.luxurybazaar.com/media/catalog/product/cache/1/image/9df78eab33525d08d6e5fb8d27136e95/r/o/rolex_116610lv_198461_1a.jpg,Rolex,Rolex,luxurybazaar,203706,202818,
114060,Yes,Yes,Yes,Yes,13995,14595,https://www.luxurybazaar.com/rolex-watch-114060-4,https://www.luxurybazaar.com/rolex-watch-114060-3,2020,2020,,,https://www.luxurybazaar.com/search-results?q=114060,2022_07_10,https://www.luxurybazaar.com/media/catalog/product/cache/1/image/9df78eab33525d08d6e5fb8d27136e95/r/o/rolex_114060_204215_32353.jpg,https://www.luxurybazaar.com/media/catalog/product/cache/1/image/9df78eab33525d08d6e5fb8d27136e95/r/o/rolex_204637_33525.jpg,Rolex,Rolex,luxurybazaar,204215,204637,
116900,Yes,Yes,Yes,Yes,10795,11595,https://www.luxurybazaar.com/rolex-watch-116900-2,https://www.luxurybazaar.com/rolex-air-king-watch-116900-0001,2022,,,,https://www.luxurybazaar.com/search-results?q=116900,2022_07_10,https://www.luxurybazaar.com/media/catalog/product/cache/1/image/9df78eab33525d08d6e5fb8d27136e95/r/o/rolex_116900_204173_32391.jpg,https://www.luxurybazaar.com/media/catalog/product/cache/1/image/9df78eab33525d08d6e5fb8d27136e95/r/o/rolex_116900_204159_32174.jpg,Rolex,Rolex,luxurybazaar,204173,204159,
16570 WHT IX OYS,No,No,No,No,11995,11995,https://www.luxurybazaar.com/rolex-watch-16570-1,https://www.luxurybazaar.com/rolex-watch-16570-1,2000,2000,,,https://www.luxurybazaar.com/search-results?q=16570#/filter:lux_wa_dialcolor:White,2022_07_10,https://www.luxurybazaar.com/media/catalog/product/cache/1/image/9df78eab33525d08d6e5fb8d27136e95/r/o/rolex_16570_204213_32341.jpg,https://www.luxurybazaar.com/media/catalog/product/cache/1/image/9df78eab33525d08d6e5fb8d27136e95/r/o/rolex_16570_204213_32341.jpg,Rolex,Rolex,luxurybazaar,204213,204213,
126710BLRO-0001,Yes,Yes,No,No,23995,27995,https://www.luxurybazaar.com/rolex-gmt-master-ii-watch-126710blro-0001-4,https://www.luxurybazaar.com/rolex-gmt-master-ii-126710blro-0001-1,2020,,,,https://www.luxurybazaar.com/search-results?q=126710BLRO-0001,2022_07_10,https://www.luxurybazaar.com/media/catalog/product/cache/1/image/9df78eab33525d08d6e5fb8d27136e95/r/o/rolex_126710blro_199548_1a_1.jpeg,https://www.luxurybazaar.com/media/catalog/product/cache/1/image/9df78eab33525d08d6e5fb8d27136e95/r/o/rolex_126710blro_201271_32385.jpg,Rolex,Rolex,luxurybazaar,205114,201271,
126710BLNR-0002,Yes,Yes,Yes,Yes,21995,22995,https://www.luxurybazaar.com/rolex-gmt-master-ii-watch-126710blnr-0002-13,https://www.luxurybazaar.com/rolex-gmt-master-ii-batman-watch-126710-blnr-1,2022,2019,,,https://www.luxurybazaar.com/search-results?q=126710BLNR-0002,2022_07_10,https://www.luxurybazaar.com/media/catalog/product/cache/1/image/9df78eab33525d08d6e5fb8d27136e95/r/o/rolex_126720blnr_199017_1_1a_1_1_1.jpeg,https://www.luxurybazaar.com/media/catalog/product/cache/1/image/9df78eab33525d08d6e5fb8d27136e95/r/o/rolex_126720blnr_199017_1_1a_1_1.jpeg,Rolex,Rolex,luxurybazaar,205115,204931,
311.30.42.30.01.005,No,Yes,Yes,Yes,4900,5100,https://www.crownandcaliber.com/products/omega-speedmaster-professional-moonwatch-311-30-42-30-01-005-10-10-ome-vh56gb,https://www.crownandcaliber.com/products/omega-speedmaster-moonwatch-311-30-44-50-01-001-10-10-ome-xz0a38,2010+,2018,,,https://www.crownandcaliber.com/search?view=shop&q=311.30.42.30.01.005,2022_07_10,https://cdn.shopify.com/s/files/1/1889/5061/products/OMEGA-Speedmaster-Moonwatch-311-30-44-50-01-001-10-10-OME-XZ0A38-5e6c5d79ef9c_1000x.jpg?v=1655387108,https://cdn.shopify.com/s/files/1/1889/5061/products/OMEGA-Speedmaster-Professional-Moonwatch-311-30-42-30-01-005-10-10-OME-VH56GB-cc260bab292c_1000x.jpg?v=1657107054,OMEGA,OMEGA,crownandcaliber,10-10-OME-XZ0A38,10-10-OME-VH56GB,
116500LN-0001,Yes,Yes,Yes,Yes,44025,44025,https://www.crownandcaliber.com/products/rolex-daytona-116500-10-10-rol-54neh7,https://www.crownandcaliber.com/products/rolex-daytona-116500-10-10-rol-54neh7,2022+,2022,,,https://www.crownandcaliber.com/search?view=shop&q=116500LN#/filter:mfield_global_dial_color:White,2022_07_10,https://cdn.shopify.com/s/files/1/1889/5061/products/Rolex-Daytona-116500-10-10-ROL-54NEH7-243b9e542121_c5b32cbb-c2db-4e0a-9b8a-f43f30bfb52c_1000x.jpg?v=1655150446,https://cdn.shopify.com/s/files/1/1889/5061/products/Rolex-Daytona-116500-10-10-ROL-54NEH7-243b9e542121_c5b32cbb-c2db-4e0a-9b8a-f43f30bfb52c_1000x.jpg?v=1655150446,Rolex,Rolex,crownandcaliber,10-10-ROL-54NEH7,10-10-ROL-54NEH7,
116500LN-0002,Yes,Yes,Yes,Yes,35725,35725,https://www.crownandcaliber.com/products/rolex-daytona-116500-10-10-rol-aufl02,https://www.crownandcaliber.com/products/rolex-daytona-116500-10-10-rol-aufl02,2022+,2022,,,https://www.crownandcaliber.com/search?view=shop&q=116500LN#/filter:mfield_global_dial_color:Black,2022_07_10,https://cdn.shopify.com/s/files/1/1889/5061/products/Rolex-Daytona-116500-10-10-ROL-AUFL02-45d15470e10b_1000x.jpg?v=1655330428,https://cdn.shopify.com/s/files/1/1889/5061/products/Rolex-Daytona-116500-10-10-ROL-AUFL02-45d15470e10b_1000x.jpg?v=1655330428,Rolex,Rolex,crownandcaliber,10-10-ROL-AUFL02,10-10-ROL-AUFL02,
116610LN,No,No,Yes,Yes,13275,13975,https://www.crownandcaliber.com/products/rolex-submariner-116610-10-10-rol-35x4cb,https://www.crownandcaliber.com/products/rolex-submariner-116610-10-10-rol-z8l6ae,2010+,2019,,,https://www.crownandcaliber.com/search?view=shop&q=116610LN,2022_07_10,https://cdn.shopify.com/s/files/1/1889/5061/products/Rolex-Submariner-116610-10-10-ROL-Z8L6AE-8c8930bf9092_8dc7e0c2-e28f-4686-9141-c9f5c905637e_1000x.jpg?v=1657134931,https://cdn.shopify.com/s/files/1/1889/5061/products/Rolex-Submariner-116610-10-10-ROL-35X4CB-77644b800ed6_e87bebab-aa1f-45a7-b757-d68f47196cfb_1000x.jpg?v=1656693406,Rolex,Rolex,crownandcaliber,10-10-ROL-Z8L6AE,10-10-ROL-35X4CB,
126610LV,Yes,No,Yes,Yes,21450,21650,https://www.crownandcaliber.com/products/rolex-submariner-126610-10-10-rol-py5fqk,https://www.crownandcaliber.com/products/rolex-submariner-126610-10-10-rol-qhs2fv,2021+,2021,,,https://www.crownandcaliber.com/search?view=shop&q=126610LV,2022_07_10,https://cdn.shopify.com/s/files/1/1889/5061/products/Rolex-Submariner-126610-10-10-ROL-QHS2FV-2532f103c8ab_9db9cda6-6ddf-450d-a44b-bcbfecf98bb1_1000x.jpg?v=1654607249,https://cdn.shopify.com/s/files/1/1889/5061/products/Rolex-Submariner-126610-10-10-ROL-PY5FQK-63b3fba321b8_826262d9-c9f2-47d4-8de2-0d0ee628c9f0_1000x.jpg?v=1656522106,Rolex,Rolex,crownandcaliber,10-10-ROL-QHS2FV,10-10-ROL-PY5FQK,
116610LV,No,Yes,Yes,Yes,26150,29025,https://www.crownandcaliber.com/products/rolex-submariner-116610lv-10-10-rol-y6acfq,https://www.crownandcaliber.com/products/rolex-submariner-116610lv-10-10-rol-hm36xe,2010+,2016,,,https://www.crownandcaliber.com/search?view=shop&q=116610LV,2022_07_10,https://cdn.shopify.com/s/files/1/1889/5061/products/Rolex-Submariner-116610LV-10-10-ROL-HM36XE-08d1f54f4cfc_060337f3-580e-43ef-b43d-1a5cbdd6d746_1000x.jpg?v=1655147887,https://cdn.shopify.com/s/files/1/1889/5061/products/Rolex-Submariner-116610LV-10-10-ROL-Y6ACFQ-59d2c8523290_c16c4be3-85a4-4fff-a218-0206affc1674_1000x.jpg?v=1652288934,Rolex,Rolex,crownandcaliber,10-10-ROL-HM36XE,10-10-ROL-Y6ACFQ,
124060,Yes,Yes,Yes,Yes,15200,15200,https://www.crownandcaliber.com/products/rolex-submariner-124060-10-10-rol-8ac1lg,https://www.crownandcaliber.com/products/rolex-submariner-124060-10-10-rol-8ac1lg,2022+,2022,,,https://www.crownandcaliber.com/search?view=shop&q=124060,2022_07_10,https://cdn.shopify.com/s/files/1/1889/5061/products/Rolex-Submariner-124060-10-10-ROL-8AC1LG-789d43fc4711_1000x.jpg?v=1657280708,https://cdn.shopify.com/s/files/1/1889/5061/products/Rolex-Submariner-124060-10-10-ROL-8AC1LG-789d43fc4711_1000x.jpg?v=1657280708,Rolex,Rolex,crownandcaliber,10-10-ROL-8AC1LG,10-10-ROL-8AC1LG,
16610,No,No,Yes,Yes,10825,29025,https://www.crownandcaliber.com/products/rolex-submariner-116610lv-10-10-rol-y6acfq,https://www.crownandcaliber.com/products/rolex-submariner-16610-10-10-rol-hp4d6m,2000+,2016,,,https://www.crownandcaliber.com/search?view=shop&q=16610,2022_07_10,https://cdn.shopify.com/s/files/1/1889/5061/products/Rolex-Submariner-16610-10-10-ROL-HP4D6M-11c330dbce79_1000x.jpg?v=1655927146,https://cdn.shopify.com/s/files/1/1889/5061/products/Rolex-Submariner-116610LV-10-10-ROL-Y6ACFQ-59d2c8523290_c16c4be3-85a4-4fff-a218-0206affc1674_1000x.jpg?v=1652288934,Rolex,Rolex,crownandcaliber,10-10-ROL-HP4D6M,10-10-ROL-Y6ACFQ,
126610LN,Yes,Yes,Yes,Yes,17125,17125,https://www.crownandcaliber.com/products/rolex-submariner-126610-10-10-rol-fqa5ys,https://www.crownandcaliber.com/products/rolex-submariner-126610-10-10-rol-fqa5ys,2022+,2022,,,https://www.crownandcaliber.com/search?view=shop&q=126610LN,2022_07_10,https://cdn.shopify.com/s/files/1/1889/5061/products/Rolex-Submariner-126610-10-10-ROL-FQA5YS-80d6b42f9fb9_1000x.jpg?v=1657146622,https://cdn.shopify.com/s/files/1/1889/5061/products/Rolex-Submariner-126610-10-10-ROL-FQA5YS-80d6b42f9fb9_1000x.jpg?v=1657146622,Rolex,Rolex,crownandcaliber,10-10-ROL-FQA5YS,10-10-ROL-FQA5YS,
114060,No,No,Yes,Yes,13075,13775,https://www.crownandcaliber.com/products/rolex-submariner-114060-10-10-rol-zv4thl,https://www.crownandcaliber.com/products/rolex-submariner-114060-10-10-rol-3nrslh,2010+,2016,,,https://www.crownandcaliber.com/search?view=shop&q=114060,2022_07_10,https://cdn.shopify.com/s/files/1/1889/5061/products/Rolex-Submariner-114060-10-10-ROL-3NRSLH-e4784c66cf0c_9da518de-e5fe-422e-a535-457337438c1c_1000x.jpg?v=1655996477,https://cdn.shopify.com/s/files/1/1889/5061/products/Rolex-Submariner-114060-10-10-ROL-ZV4THL-fd264a723cc3_1000x.jpg?v=1655946009,Rolex,Rolex,crownandcaliber,10-10-ROL-3NRSLH,10-10-ROL-ZV4THL,
126600,Yes,Yes,Yes,Yes,17075,17075,https://www.crownandcaliber.com/products/rolex-sea-dweller-126600-10-10-rol-p4a3f1,https://www.crownandcaliber.com/products/rolex-sea-dweller-126600-10-10-rol-p4a3f1,2020+,2020,,,https://www.crownandcaliber.com/search?view=shop&q=126600,2022_07_10,https://cdn.shopify.com/s/files/1/1889/5061/products/Rolex-Sea-Dweller-126600-10-10-ROL-P4A3F1-0913a5c1f826_1000x.jpg?v=1657104309,https://cdn.shopify.com/s/files/1/1889/5061/products/Rolex-Sea-Dweller-126600-10-10-ROL-P4A3F1-0913a5c1f826_1000x.jpg?v=1657104309,Rolex,Rolex,crownandcaliber,10-10-ROL-P4A3F1,10-10-ROL-P4A3F1,
116710LN,No,Yes,Yes,Yes,15750,16850,https://www.crownandcaliber.com/products/rolex-gmt-master-ii-116710-10-10-rol-cxtfvm,https://www.crownandcaliber.com/products/rolex-gmt-master-ii-116710-10-10-rol-7nlt6m,2010+,2009,,,https://www.crownandcaliber.com/search?view=shop&q=116710LN,2022_07_10,https://cdn.shopify.com/s/files/1/1889/5061/products/Rolex-GMT-Master-II-116710-10-10-ROL-7NLT6M-d8f41b959dc5_1000x.jpg?v=1654891213,https://cdn.shopify.com/s/files/1/1889/5061/products/Rolex-GMT-Master-II-116710-10-10-ROL-CXTFVM-20fbc201c96c_a3ad9ef4-c51d-4e28-9026-e609db4ced07_1000x.jpg?v=1654530384,Rolex,Rolex,crownandcaliber,10-10-ROL-7NLT6M,10-10-ROL-CXTFVM,
116900,No,No,Yes,Yes,10575,11175,https://www.crownandcaliber.com/products/rolex-air-king-116900-10-10-rol-hqlgec,https://www.crownandcaliber.com/products/rolex-air-king-116900-10-10-rol-hz4ktm,2010+,2020,,,https://www.crownandcaliber.com/search?view=shop&q=116900,2022_07_10,https://cdn.shopify.com/s/files/1/1889/5061/products/Rolex-Air-King-116900-10-10-ROL-HZ4KTM-828013cdb353_1000x.jpg?v=1653483431,https://cdn.shopify.com/s/files/1/1889/5061/products/Rolex-Air-King-116900-10-10-ROL-HQLGEC-6f6acb51be37_00fa622e-4ee0-448b-9def-6880931aa26b_1000x.jpg?v=1655002832,Rolex,Rolex,crownandcaliber,10-10-ROL-HZ4KTM,10-10-ROL-HQLGEC,
16570 BLK IX OYS,No,No,No,No,9125,9125,https://www.crownandcaliber.com/products/rolex-explorer-ii-16570-10-10-rol-r3pb6d,https://www.crownandcaliber.com/products/rolex-explorer-ii-16570-10-10-rol-r3pb6d,2000+,2000+,,,https://www.crownandcaliber.com/search?view=shop&q=16570#/filter:mfield_global_dial_color:Black,2022_07_10,https://cdn.shopify.com/s/files/1/1889/5061/products/Rolex-Explorer-II-16570-10-10-ROL-R3PB6D-f8a3823776a3_85cb96c8-6318-438e-ae3e-928854e21fe3_1000x.jpg?v=1656533423,https://cdn.shopify.com/s/files/1/1889/5061/products/Rolex-Explorer-II-16570-10-10-ROL-R3PB6D-f8a3823776a3_85cb96c8-6318-438e-ae3e-928854e21fe3_1000x.jpg?v=1656533423,Rolex,Rolex,crownandcaliber,10-10-ROL-R3PB6D,10-10-ROL-R3PB6D,
116613LB,No,No,Yes,Yes,14700,16875,https://www.crownandcaliber.com/products/rolex-submariner-116613-10-10-rol-rh3lbm,https://www.crownandcaliber.com/products/rolex-submariner-116613-10-10-rol-7yn3dv,2010+,2015,,,https://www.crownandcaliber.com/search?view=shop&q=116613LB,2022_07_10,https://cdn.shopify.com/s/files/1/1889/5061/products/Rolex-Submariner-116613-10-10-ROL-7YN3DV-958d5227dda9_1000x.jpg?v=1656363037,https://cdn.shopify.com/s/files/1/1889/5061/products/Rolex-Submariner-116613-10-10-ROL-RH3LBM-d9a21a456fb2_0a7fd2e7-6a88-4b6f-9f97-1da90b4adb93_1000x.jpg?v=1655125608,Rolex,Rolex,crownandcaliber,10-10-ROL-7YN3DV,10-10-ROL-RH3LBM,
126711CHNR,Yes,No,Yes,Yes,24350,24550,https://www.crownandcaliber.com/products/rolex-gmt-master-ii-126711-10-10-rol-s8p0q9,https://www.crownandcaliber.com/products/rolex-gmt-master-ii-126711-10-10-rol-4l2nyf,2018+,2022,,,https://www.crownandcaliber.com/search?view=shop&q=126711CHNR,2022_07_10,https://cdn.shopify.com/s/files/1/1889/5061/products/Rolex-GMT-Master-II-126711-10-10-ROL-4L2NYF-b1054b175e52_b466f8e7-76cd-4e4a-b66a-a126b9a281e9_1000x.jpg?v=1654290964,https://cdn.shopify.com/s/files/1/1889/5061/products/Rolex-GMT-Master-II-126711-10-10-ROL-S8P0Q9-9f429c68d914_1000x.jpg?v=1655330406,Rolex,Rolex,crownandcaliber,10-10-ROL-4L2NYF,10-10-ROL-S8P0Q9,
126710BLRO-0001,Yes,Yes,Yes,Yes,24025,31100,https://www.crownandcaliber.com/products/rolex-gmt-master-ii-126710-10-10-rol-bh5xz2,https://www.crownandcaliber.com/products/rolex-gmt-master-ii-126710-10-10-rol-v07a6c,2022+,2010+,,,https://www.crownandcaliber.com/search?view=shop&q=126710BLRO,2022_07_10,https://cdn.shopify.com/s/files/1/1889/5061/products/Rolex-GMT-Master-II-126710-10-10-ROL-V07A6C-f8067028fa36_1000x.jpg?v=1657122311,https://cdn.shopify.com/s/files/1/1889/5061/products/Rolex-GMT-Master-II-126710-10-10-ROL-BH5XZ2-e53a9c306983_909f3c0b-0823-4eb8-946c-ed333f4af8f4_1000x.jpg?v=1656595823,Rolex,Rolex,crownandcaliber,10-10-ROL-V07A6C,10-10-ROL-BH5XZ2,
126710BLNR-0002,Yes,Yes,Yes,Yes,21425,22700,https://www.crownandcaliber.com/products/rolex-gmt-master-ii-126710-10-10-rol-yalgmd,https://www.crownandcaliber.com/products/rolex-gmt-master-ii-126710-10-10-rol-v7zl3y,2021+,2021,,,https://www.crownandcaliber.com/search?view=shop&q=126710BLNR,2022_07_10,https://cdn.shopify.com/s/files/1/1889/5061/products/Rolex-GMT-Master-II-126710-10-10-ROL-V7ZL3Y-eaa3e205f222_06d46bdb-394f-46bd-83ce-e07b15efa68f_1000x.jpg?v=1656630010,https://cdn.shopify.com/s/files/1/1889/5061/products/Rolex-GMT-Master-II-126710-10-10-ROL-YALGMD-5173cf078713_1000x.jpg?v=1655376308,Rolex,Rolex,crownandcaliber,10-10-ROL-V7ZL3Y,10-10-ROL-YALGMD,
311.30.42.30.01.006,No,No,No,Yes,5600,5750,https://www.crownandcaliber.com/products/omega-speedmaster-professional-moonwatch-311-30-42-30-01-006-10-10-ome-vlfrty,https://www.crownandcaliber.com/products/omega-speedmaster-professional-moonwatch-311-30-42-30-01-006-10-10-ome-u4b8k5,2010+,2010+,,,https://www.crownandcaliber.com/search?view=shop&q=311.30.42.30.01.006,2022_07_10,https://cdn.shopify.com/s/files/1/1889/5061/products/OMEGA-Speedmaster-Professional-Moonwatch-311-30-42-30-01-006-10-10-OME-U4B8K5-1a2139de0448_42065a31-98c0-4ac8-97f9-d70eefc17de4_1000x.jpg?v=1654531213,https://cdn.shopify.com/s/files/1/1889/5061/products/OMEGA-Speedmaster-Professional-Moonwatch-311-30-42-30-01-006-10-10-OME-VLFRTY-5dcf05598a79_1000x.jpg?v=1655228763,OMEGA,OMEGA,crownandcaliber,10-10-OME-U4B8K5,10-10-OME-VLFRTY,
79830RB-0001,Yes,No,Yes,Yes,3925,4350,https://www.crownandcaliber.com/products/tudor-heritage-black-bay-gmt-79830-10-10-tud-d4lnht,https://www.crownandcaliber.com/products/tudor-heritage-black-bay-gmt-79830-10-10-tud-5tnzq0,2021+,2021,,,https://www.crownandcaliber.com/search?view=shop&q=79830RB-0001,2022_07_10,https://cdn.shopify.com/s/files/1/1889/5061/products/Tudor-Heritage-Black-Bay-GMT-79830-10-10-TUD-5TNZQ0-875dce6668fd_de5c401e-d952-4408-b348-a66a9ca1deb3_1000x.jpg?v=1654798631,https://cdn.shopify.com/s/files/1/1889/5061/products/Tudor-Heritage-Black-Bay-GMT-79830-10-10-TUD-D4LNHT-a867cfcfa1ae_1000x.jpg?v=1657127711,Tudor,Tudor,crownandcaliber,10-10-TUD-5TNZQ0,10-10-TUD-D4LNHT,
79030B-0001,Yes,Yes,Yes,Yes,3925,3925,https://www.crownandcaliber.com/products/tudor-heritage-black-bay-fifty-eight-79030-10-10-tud-qlxtyn,https://www.crownandcaliber.com/products/tudor-heritage-black-bay-fifty-eight-79030-10-10-tud-qlxtyn,2020+,2020,,,https://www.crownandcaliber.com/search?view=shop&q=79030B-0001,2022_07_10,https://cdn.shopify.com/s/files/1/1889/5061/products/Tudor-Heritage-Black-Bay-Fifty-Eight-79030-10-10-TUD-QLXTYN-ecf2ef504370_1000x.jpg?v=1657233909,https://cdn.shopify.com/s/files/1/1889/5061/products/Tudor-Heritage-Black-Bay-Fifty-Eight-79030-10-10-TUD-QLXTYN-ecf2ef504370_1000x.jpg?v=1657233909,Tudor,Tudor,crownandcaliber,10-10-TUD-QLXTYN,10-10-TUD-QLXTYN,
214270-0003,Yes,Yes,Yes,Yes,10150,10975,https://www.crownandcaliber.com/products/rolex-explorer-214270-10-10-rol-9am0kh,https://www.crownandcaliber.com/products/rolex-explorer-214270-10-10-rol-8rnq3a,2017+,2016,,,https://www.crownandcaliber.com/search?view=shop&q=214270-0003,2022_07_10,https://cdn.shopify.com/s/files/1/1889/5061/products/Rolex-Explorer-214270-10-10-ROL-8RNQ3A-bb581ea2b314_1000x.jpg?v=1656610227,https://cdn.shopify.com/s/files/1/1889/5061/products/Rolex-Explorer-214270-10-10-ROL-9AM0KH-f401fa2bd14c_cb0b7a8d-71ec-49ad-a652-4d8537855209_1000x.jpg?v=1657116152,Rolex,Rolex,crownandcaliber,10-10-ROL-8RNQ3A,10-10-ROL-9AM0KH,
311.32.40.30.01.001,Yes,No,Yes,Yes,5475,6075,https://www.crownandcaliber.com/products/omega-speedmaster-moonwatch-311-32-40-30-01-001-10-10-ome-02u63z,https://www.crownandcaliber.com/products/omega-speedmaster-moonwatch-311-32-40-30-01-001-10-10-ome-tbkugy,2019+,2019+,,,https://www.crownandcaliber.com/search?view=shop&q=311.32.40.30.01.001,2022_07_10,https://cdn.shopify.com/s/files/1/1889/5061/products/OMEGA-Speedmaster-Moonwatch-311-32-40-30-01-001-10-10-OME-TBKUGY-64ec51142f5d_1000x.jpg?v=1654787712,https://cdn.shopify.com/s/files/1/1889/5061/products/OMEGA-Speedmaster-Moonwatch-311-32-40-30-01-001-10-10-OME-02U63Z-0c35701ae46a_1000x.jpg?v=1657144809,OMEGA,OMEGA,crownandcaliber,10-10-OME-TBKUGY,10-10-OME-02U63Z,
WSSA0030,Yes,Yes,Yes,Yes,7300,7300,https://www.crownandcaliber.com/products/cartier-santos-de-cartier-wssa0030-10-10-car-58msry,https://www.crownandcaliber.com/products/cartier-santos-de-cartier-wssa0030-10-10-car-58msry,2010+,2010+,,,https://www.crownandcaliber.com/search?view=shop&q=WSSA0030,2022_07_10,https://cdn.shopify.com/s/files/1/1889/5061/products/Cartier-Santos-de-Cartier-WSSA0030-10-10-CAR-58MSRY-4b063bba1f73_1000x.jpg?v=1656357349,https://cdn.shopify.com/s/files/1/1889/5061/products/Cartier-Santos-de-Cartier-WSSA0030-10-10-CAR-58MSRY-4b063bba1f73_1000x.jpg?v=1656357349,Cartier,Cartier,crownandcaliber,10-10-CAR-58MSRY,10-10-CAR-58MSRY,
116500LN-0001,,,,,29900,36600,,,,,,,https://www2.europeanwatch.com/cgi-bin/search.pl?search=116500LN,2022_07_10,,,Rolex,Rolex,europeanwatch,,,
116500LN-0002,,,,,29900,36600,,,,,,,https://www2.europeanwatch.com/cgi-bin/search.pl?search=116500LN,2022_07_10,,,Rolex,Rolex,europeanwatch,,,
126610LV,,,,,18900,19900,,,,,,,https://www2.europeanwatch.com/cgi-bin/search.pl?search=126610LV,2022_07_10,,,Rolex,Rolex,europeanwatch,,,
124060,,,,,12900,12900,,,,,,,https://www2.europeanwatch.com/cgi-bin/search.pl?search=124060,2022_07_10,,,Rolex,Rolex,europeanwatch,,,
16610,,,,,13200,28900,,,,,,,https://www2.europeanwatch.com/cgi-bin/search.pl?search=16610,2022_07_10,,,Rolex,Rolex,europeanwatch,,,
114060,,,,,13600,13600,,,,,,,https://www2.europeanwatch.com/cgi-bin/search.pl?search=114060,2022_07_10,,,Rolex,Rolex,europeanwatch,,,
116710LN,,,,,16900,16900,,,,,,,https://www2.europeanwatch.com/cgi-bin/search.pl?search=116710LN,2022_07_10,,,Rolex,Rolex,europeanwatch,,,
116900,,,,,9500,10400,,,,,,,https://www2.europeanwatch.com/cgi-bin/search.pl?search=116900,2022_07_10,,,Rolex,Rolex,europeanwatch,,,
16570 BLK IX OYS,,,,,12250,12250,,,,,,,https://www2.europeanwatch.com/cgi-bin/search.pl?search=16570,2022_07_10,,,Rolex,Rolex,europeanwatch,,,
16570 WHT IX OYS,,,,,12250,12250,,,,,,,https://www2.europeanwatch.com/cgi-bin/search.pl?search=16570,2022_07_10,,,Rolex,Rolex,europeanwatch,,,
126710BLNR-0002,,,,,20900,21800,,,,,,,https://www2.europeanwatch.com/cgi-bin/search.pl?search=126710BLNR,2022_07_10,,,Rolex,Rolex,europeanwatch,,,
311.30.42.30.01.006,,,,,5350,5350,,,,,,,https://www2.europeanwatch.com/cgi-bin/search.pl?search=311.30.42.30.01.006,2022_07_10,,,Omega,Omega,europeanwatch,,,
116500LN-0001,Yes,Yes,Yes,Yes,39875.00,39875.00,https://davidsw.com/shop/watch/rolex/rolex-116500ln-cosmograph-daytona-with-white-dial-140/,https://davidsw.com/shop/watch/rolex/rolex-116500ln-cosmograph-daytona-with-white-dial-140/,2019,2019,,,https://davidsw.com/shop/watch/rolex/rolex-116500ln-cosmograph-daytona-with-white-dial-140/,2022_07_10,https://3gjx4b3452bb1chpkbd5xa4j-wpengine.netdna-ssl.com/wp-content/uploads/2022/06/IMG_5905.jpg,https://3gjx4b3452bb1chpkbd5xa4j-wpengine.netdna-ssl.com/wp-content/uploads/2022/06/IMG_5905.jpg,Rolex,Rolex,davidsw,42096,42096,
116500LN-0002,Yes,Yes,Yes,Yes,35875.00,42875.00,https://davidsw.com/shop/watch/rolex/rolex-116500ln-cosmograph-daytona-with-black-dial-113/,https://davidsw.com/shop/watch/rolex/rolex-116500ln-cosmograph-daytona-with-black-dial-106/,2016,,,,https://davidsw.com/?filter_dial-color=black&s=116500LN&post_type=product&type_aws=true&aws_id=1&aws_filter=1,2022_07_10,https://3gjx4b3452bb1chpkbd5xa4j-wpengine.netdna-ssl.com/wp-content/uploads/2022/02/IMG_0839.jpg,,Rolex,Rolex,davidsw,40796,40747,
116610LN,Yes,Yes,Yes,Yes,13975.00,17575.00,https://davidsw.com/shop/watch/rolex/rolex-116610ln-submariner-220/,https://davidsw.com/shop/watch/rolex/rolex-116610ln-submariner-224/,2012,2020,,,https://davidsw.com/?s=116610LN&post_type=product&type_aws=true&aws_id=1&aws_filter=1,2022_07_10,,,Rolex,Rolex,davidsw,41266,39996,
126610LV,Yes,Yes,Yes,Yes,21875.00,23675.00,https://davidsw.com/shop/watch/rolex/rolex-126610lv-submariner-41-60/,https://davidsw.com/shop/watch/rolex/rolex-126610lv-submariner-41-67/,2021,,,,https://davidsw.com/?s=126610LV&post_type=product&type_aws=true&aws_id=1&aws_filter=1,2022_07_10,https://3gjx4b3452bb1chpkbd5xa4j-wpengine.netdna-ssl.com/wp-content/uploads/2022/06/IMG_5896.jpg,https://3gjx4b3452bb1chpkbd5xa4j-wpengine.netdna-ssl.com/wp-content/uploads/2022/04/IMG_7940.jpg,Rolex,Rolex,davidsw,42238,40056,
116610LV,Yes,Yes,Yes,Yes,26575.00,26575.00,https://davidsw.com/shop/watch/rolex/rolex-116610lv-submariner-168/,https://davidsw.com/shop/watch/rolex/rolex-116610lv-submariner-168/,2015,2015,,,https://davidsw.com/shop/watch/rolex/rolex-116610lv-submariner-168/,2022_07_10,https://3gjx4b3452bb1chpkbd5xa4j-wpengine.netdna-ssl.com/wp-content/uploads/2022/06/IMG_5565.jpg,https://3gjx4b3452bb1chpkbd5xa4j-wpengine.netdna-ssl.com/wp-content/uploads/2022/06/IMG_5565.jpg,Rolex,Rolex,davidsw,40488,40488,
124060,Yes,Yes,Yes,Yes,14975.00,16375.00,https://davidsw.com/shop/watch/rolex/rolex-124060-submariner-41-no-date-70/,https://davidsw.com/shop/watch/rolex/rolex-124060-submariner-41-no-date-71/,2021,,,,https://davidsw.com/?s=124060&post_type=product&type_aws=true&aws_id=1&aws_filter=1,2022_07_10,https://3gjx4b3452bb1chpkbd5xa4j-wpengine.netdna-ssl.com/wp-content/uploads/2022/06/IMG_5752.jpg,,Rolex,Rolex,davidsw,41023,40847,
16610,Yes,Yes,Yes,Yes,12875.00,26575.00,https://davidsw.com/shop/watch/rolex/rolex-116610lv-submariner-168/,https://davidsw.com/shop/watch/rolex/rolex-16610ln-submariner-47/,2005,2015,,,https://davidsw.com/?s=16610&post_type=product&type_aws=true&aws_id=1&aws_filter=1,2022_07_10,https://3gjx4b3452bb1chpkbd5xa4j-wpengine.netdna-ssl.com/wp-content/uploads/2022/06/IMG_4900.jpg,https://3gjx4b3452bb1chpkbd5xa4j-wpengine.netdna-ssl.com/wp-content/uploads/2022/06/IMG_5565.jpg,Rolex,Rolex,davidsw,42254,40488,
126610LN,Yes,Yes,Yes,Yes,15875.00,17575.00,https://davidsw.com/shop/watch/rolex/rolex-126610ln-submariner-41-122/,https://davidsw.com/shop/watch/rolex/rolex-126610ln-submariner-41-121/,2021,,,,https://davidsw.com/?s=126610LN&post_type=product&type_aws=true&aws_id=1&aws_filter=1,2022_07_10,,,Rolex,Rolex,davidsw,41110,32504,
114060,Yes,Yes,Yes,Yes,13875.00,14275.00,https://davidsw.com/shop/watch/rolex/rolex-114060-submariner-no-date-240/,https://davidsw.com/shop/watch/rolex/rolex-114060-submariner-no-date-239/,2014,2018,,,https://davidsw.com/?s=114060&post_type=product&type_aws=true&aws_id=1&aws_filter=1,2022_07_10,https://3gjx4b3452bb1chpkbd5xa4j-wpengine.netdna-ssl.com/wp-content/uploads/2022/07/IMG_6163.jpg,,Rolex,Rolex,davidsw,41930,42369,
126600,Yes,Yes,Yes,Yes,16375.00,18975.00,https://davidsw.com/shop/watch/rolex/rolex-126600-seadweller-156/,https://davidsw.com/shop/watch/rolex/rolex-126600-seadweller-158/,2018,,,,https://davidsw.com/?s=126600&post_type=product&type_aws=true&aws_id=1&aws_filter=1,2022_07_10,https://3gjx4b3452bb1chpkbd5xa4j-wpengine.netdna-ssl.com/wp-content/uploads/2022/07/IMG_6491.jpg,,Rolex,Rolex,davidsw,31861,41431,
116710LN,Yes,Yes,Yes,Yes,17175.00,18575.00,https://davidsw.com/shop/watch/rolex/rolex-116710ln-gmt-master-ii-158/,https://davidsw.com/shop/watch/rolex/rolex-116710ln-gmt-master-ii-2-2/,2013,2018,,,https://davidsw.com/?s=116710LN&post_type=product&type_aws=true&aws_id=1&aws_filter=1,2022_07_10,https://3gjx4b3452bb1chpkbd5xa4j-wpengine.netdna-ssl.com/wp-content/uploads/2022/05/IMG_0426-1.jpg,https://3gjx4b3452bb1chpkbd5xa4j-wpengine.netdna-ssl.com/wp-content/uploads/2022/05/IMG_1264.jpg,Rolex,Rolex,davidsw,41695,41929,
116900,Yes,Yes,Yes,Yes,8975.00,12375.00,https://davidsw.com/shop/watch/rolex/rolex-116900-air-king-102/,https://davidsw.com/shop/watch/rolex/rolex-116900-air-king-106/,2018,,,,https://davidsw.com/?s=116900&post_type=product&type_aws=true&aws_id=1&aws_filter=1,2022_07_10,https://3gjx4b3452bb1chpkbd5xa4j-wpengine.netdna-ssl.com/wp-content/uploads/2022/07/IMG_6361.jpg,https://3gjx4b3452bb1chpkbd5xa4j-wpengine.netdna-ssl.com/wp-content/uploads/2022/04/IMG_9298.jpg,Rolex,Rolex,davidsw,42402,40148,
16570 BLK IX OYS,Yes,Yes,Yes,Yes,10975.00,14575.00,https://davidsw.com/shop/watch/rolex/rolex-216570-explorer-ii-with-black-dial-87/,https://davidsw.com/shop/watch/rolex/rolex-16570-explorer-ii-with-black-dial-52/,2000,2020,,,https://davidsw.com/?filter_dial-color=black&s=16570&post_type=product&type_aws=true&aws_id=1&aws_filter=1,2022_07_10,https://3gjx4b3452bb1chpkbd5xa4j-wpengine.netdna-ssl.com/wp-content/uploads/2022/03/IMG_4739.jpg,,Rolex,Rolex,davidsw,41072,32177,
16570 WHT IX OYS,Yes,No,Yes,Yes,9975.00,16875.00,https://davidsw.com/shop/watch/rolex/rolex-16570-explorer-ii-with-white-dial-71/,https://davidsw.com/shop/watch/rolex/rolex-16570-explorer-ii-with-white-dial-66/,,2004,,,https://davidsw.com/?filter_dial-color=white&s=16570&post_type=product&type_aws=true&aws_id=1&aws_filter=1,2022_07_10,https://3gjx4b3452bb1chpkbd5xa4j-wpengine.netdna-ssl.com/wp-content/uploads/2022/07/IMG_6243.jpg,https://3gjx4b3452bb1chpkbd5xa4j-wpengine.netdna-ssl.com/wp-content/uploads/2022/05/IMG_2667.jpg,Rolex,Rolex,davidsw,40984,42132,
126711CHNR,Yes,Yes,Yes,Yes,23875.00,27675.00,https://davidsw.com/shop/watch/rolex/rolex-126711chnr-gmt-master-ii-18k-ss-101/,https://davidsw.com/shop/watch/rolex/rolex-126711chnr-gmt-master-ii-18k-ss-108/,2020,,,,https://davidsw.com/?s=126711CHNR&post_type=product&type_aws=true&aws_id=1&aws_filter=1,2022_07_10,https://3gjx4b3452bb1chpkbd5xa4j-wpengine.netdna-ssl.com/wp-content/uploads/2022/07/IMG_5967.jpg,https://3gjx4b3452bb1chpkbd5xa4j-wpengine.netdna-ssl.com/wp-content/uploads/2022/03/IMG_2871.jpg,Rolex,Rolex,davidsw,33144,41181,
126710BLRO-0001,Yes,Yes,Yes,Yes,23875.00,33875.00,https://davidsw.com/shop/watch/rolex/rolex-126710blro-gmt-master-ii-with-mark-i-bezel/,https://davidsw.com/shop/watch/rolex/rolex-126710blro-gmt-master-ii-on-jubilee-63/,2019,2018,,,https://davidsw.com/?s=126710BLRO&post_type=product&type_aws=true&aws_id=1&aws_filter=1,2022_07_10,https://3gjx4b3452bb1chpkbd5xa4j-wpengine.netdna-ssl.com/wp-content/uploads/2022/07/IMG_6499.jpg,https://3gjx4b3452bb1chpkbd5xa4j-wpengine.netdna-ssl.com/wp-content/uploads/2022/04/IMG_6497.jpg,Rolex,Rolex,davidsw,41648,41562,
126710BLNR-0002,Yes,Yes,Yes,Yes,21875.00,24175.00,https://davidsw.com/shop/watch/rolex/rolex-126710blnr-gmt-master-ii-on-oyster-17/,https://davidsw.com/shop/watch/rolex/rolex-126710blnr-gmt-master-ii-on-jubilee-62/,2019,,,,https://davidsw.com/?s=126710BLNR&post_type=product&type_aws=true&aws_id=1&aws_filter=1,2022_07_10,https://3gjx4b3452bb1chpkbd5xa4j-wpengine.netdna-ssl.com/wp-content/uploads/2022/07/IMG_6042.jpg,https://3gjx4b3452bb1chpkbd5xa4j-wpengine.netdna-ssl.com/wp-content/uploads/2022/06/IMG_4324.jpg,Rolex,Rolex,davidsw,40779,41535,
214270-0003,Yes,Yes,Yes,Yes,9475.00,13575.00,https://davidsw.com/shop/watch/rolex/rolex-214270-explorer-236/,https://davidsw.com/shop/watch/rolex/rolex-214270-explorer-mark-i-5/,2013,2020,,,https://davidsw.com/?filter_dial-color=black&s=214270&post_type=product&type_aws=true&aws_id=1&aws_filter=1,2022_07_10,https://3gjx4b3452bb1chpkbd5xa4j-wpengine.netdna-ssl.com/wp-content/uploads/2022/05/IMG_1474.jpg,,Rolex,Rolex,davidsw,41286,42411,
WSSA0030,Yes,Yes,Yes,Yes,7475.00,7475.00,https://davidsw.com/shop/watch/cartier/cartier-wssa0030-santos-de-cartier-large-with-blue-dial-14/,https://davidsw.com/shop/watch/cartier/cartier-wssa0030-santos-de-cartier-large-with-blue-dial-14/,2021,2021,,,https://davidsw.com/shop/watch/cartier/cartier-wssa0030-santos-de-cartier-large-with-blue-dial-14/,2022_07_10,https://3gjx4b3452bb1chpkbd5xa4j-wpengine.netdna-ssl.com/wp-content/uploads/2022/06/IMG_5663.jpg,https://3gjx4b3452bb1chpkbd5xa4j-wpengine.netdna-ssl.com/wp-content/uploads/2022/06/IMG_5663.jpg,Cartier,Cartier,davidsw,42304,42304,
311.30.42.30.01.005,Yes,No,Yes,Yes,4295,4995,https://www.bobswatches.com/omega/mens-omega-speedmaster-moonwatch-professional-black-dial.html,https://www.bobswatches.com/omega/omega-speedmaster-moonwatch-professional-black-dial.html,,2020,,,https://www.bobswatches.com/shop?submit.x=0&submit.y=0&query=311.30.42.30.01.005,2022_07_10,https://www.bobswatches.com/omega/images/Omega-Speedmaster-311.30.42.30.01.005-148444.png,https://www.bobswatches.com/omega/images/Omega-Speedmaster-311.30.42.30.01.005-148444.png,Omega,Omega,bobswatches,148444,149589,
116500LN-0002,Yes,Yes,Yes,Yes,34495,35995,https://www.bobswatches.com/used-rolex-daytona-116500ln-ceramic-model.html,https://www.bobswatches.com/rolex-daytona-116500ln-black-ceramic-bezel.html,2018,2022,,,https://www.bobswatches.com/shop?submit.x=0&submit.y=0&query=116500LN#/filter:custom_field_9:Black,2022_07_10,https://www.bobswatches.com/images/black-rolex-Daytona-116500-149193.png,https://www.bobswatches.com/images/black-rolex-Daytona-116500-149193.png,Rolex,Rolex,bobswatches,149193 x,150126 x,
126610LV,Yes,Yes,Yes,Yes,21995,22995,https://www.bobswatches.com/rolex-submariner-date-126610-steel-41mm.html,https://www.bobswatches.com/rolex-submariner-date-126610lv-green-bezel.html,2021,2021,,,https://www.bobswatches.com/shop?submit.x=0&submit.y=0&query=126610LV,2022_07_10,https://www.bobswatches.com/images/black-rolex-submarner-148744.png,https://www.bobswatches.com/images/black-rolex-submarner-148744.png,Rolex,Rolex,bobswatches,148744 x,148240 x,
116610LV,No,No,Yes,No,23995,24495,https://www.bobswatches.com/rolex-submariner-116610v-hulk-model.html,https://www.bobswatches.com/rolex-submariner-116610lv-hulk.html,2011+,2010,,,https://www.bobswatches.com/shop?submit.x=0&submit.y=0&query=116610LV,2022_07_10,https://www.bobswatches.com/images/y-150645.png,https://www.bobswatches.com/images/y-150645.png,Rolex,Rolex,bobswatches,150645 x,149340 x,
16610,Yes,Yes,Yes,Yes,11995,11995,https://www.bobswatches.com/rolex-submariner-16610-black-luminous-dial.html,https://www.bobswatches.com/rolex-submariner-16610-black-luminous-dial.html,2010,2010,,,https://www.bobswatches.com/rolex/submariner-16610,2022_07_10,https://www.bobswatches.com/images/Black-rolex-submariner-16610-149029.png,https://www.bobswatches.com/images/Black-rolex-submariner-16610-149029.png,Rolex,Rolex,bobswatches,149029 x,149029 x,
114060,No,No,No,Yes,12395,13495,https://www.bobswatches.com/mens-rolex-submariner-114060.html,https://www.bobswatches.com/pre-owned-rolex-submariner-114060-black-dial.html,2011+,2019,,,https://www.bobswatches.com/shop?submit.x=0&submit.y=0&query=114060,2022_07_10,https://www.bobswatches.com/images/Rolex-Submariner-114060-149337.png,https://www.bobswatches.com/images/Rolex-Submariner-114060-149337.png,Rolex,Rolex,bobswatches,149337 x,149725 x,
126600,Yes,Yes,Yes,Yes,,,https://www.bobswatches.com/rolex-sea-dweller-126600-43mm.html,https://www.bobswatches.com/rolex-sea-dweller-126600-43mm.html,2022,2022,,,https://www.bobswatches.com/rolex/sea_dweller-126600,2022_07_10,https://www.bobswatches.com/images/Rolex-Sea-Dweller-126600-150978.png,https://www.bobswatches.com/images/Rolex-Sea-Dweller-126600-150978.png,Rolex,Rolex,bobswatches,150978 x,150978 x,
116900,Yes,No,Yes,Yes,9595,10195,https://www.bobswatches.com/mens-rolex-air-king-116900-arabic-markers.html,https://www.bobswatches.com/rolex-air-king-116900-black-dial.html,2016+,2017,,,https://www.bobswatches.com/shop?submit.x=0&submit.y=0&query=116900,2022_07_10,https://www.bobswatches.com/images/black-rolex-air-king-116900-149173.png,https://www.bobswatches.com/images/black-rolex-air-king-116900-149173.png,Rolex,Rolex,bobswatches,149173 x,148398 x,
16570 BLK IX OYS,No,No,Yes,No,8595,10295,https://www.bobswatches.com/rolex-explorer-ii-16570-black-dial-stainless.html,https://www.bobswatches.com/rolex-oyster-perpetual-explorer-ii-16570-black.html,1999,2004,,,https://www.bobswatches.com/shop?submit.x=0&submit.y=0&query=16570#/filter:custom_field_9:Black,2022_07_10,https://www.bobswatches.com/images/Rolex-16570-150905.png,https://www.bobswatches.com/images/Rolex-16570-150905.png,Rolex,Rolex,bobswatches,150905 x,145972 x,
16570 WHT IX OYS,Yes,No,Yes,No,9595,9995,https://www.bobswatches.com/rolex-explorer-ii-16570-mens-white-dial.html,https://www.bobswatches.com/rolex-explorer-ii-16570-polar-white-dial.html,2008,2000,,,https://www.bobswatches.com/shop?submit.x=0&submit.y=0&query=16570#/filter:custom_field_9:White,2022_07_10,https://www.bobswatches.com/images/Rolex-Explorer-II-16570-Polar-White-Dial-149524.png,https://www.bobswatches.com/images/Rolex-Explorer-II-16570-Polar-White-Dial-149524.png,Rolex,Rolex,bobswatches,149524 x,149187 x,
126710BLNR-0002,Yes,Yes,Yes,Yes,20595,20595,https://www.bobswatches.com/pre-owned-rolex-gmt-master-ii-ref-126710blnr-batman-jubilee.html,https://www.bobswatches.com/pre-owned-rolex-gmt-master-ii-ref-126710blnr-batman-jubilee.html,2019,2019,,,https://www.bobswatches.com/shop?query=126710BLNR#/filter:custom_field_7:Jubilee/filter:custom_field_9:Black,2022_07_10,https://www.bobswatches.com/images/Rolex-GMT-Master-II-126710-148996.png,https://www.bobswatches.com/images/Rolex-GMT-Master-II-126710-148996.png,Rolex,Rolex,bobswatches,148996 x,148996 x,
311.30.42.30.01.006,No,No,Yes,Yes,5495,5895,https://www.bobswatches.com/omega/omega-speedmaster-moonwatch-professional-chronograph-stainless-steel.html,https://www.bobswatches.com/omega/mens-omega-speedmaster-moonwatch-black.html,,2020,,,https://www.bobswatches.com/shop?submit.x=0&submit.y=0&query=311.30.42.30.01.006,2022_07_10,https://www.bobswatches.com/omega/images/Omega-Speedmaster-311.30.42.30.01.006-150773.png,https://www.bobswatches.com/omega/images/Omega-Speedmaster-311.30.42.30.01.006-150773.png,Omega,Omega,bobswatches,150773,149477,
214270-0003,Yes,Yes,Yes,Yes,9995,10995,https://www.bobswatches.com/rolex-explorer-214270bkaso-luminous-dial.html,https://www.bobswatches.com/pre-owned-rolex-explorer-214270-stainless-steel.html,2010,2019,,,https://www.bobswatches.com/shop?query=214270#/filter:custom_field_9:Black,2022_07_10,https://www.bobswatches.com/images/Rolex-Explorer-214270-150927.png,https://www.bobswatches.com/images/Rolex-Explorer-214270-150927.png,Rolex,Rolex,bobswatches,150927,149056 x,
WSSA0030,Yes,Yes,Yes,Yes,6995,6995,https://www.bobswatches.com/cartier/cartier-santos-de-cartier-blue-dial.html,https://www.bobswatches.com/cartier/cartier-santos-de-cartier-blue-dial.html,,,,,https://www.bobswatches.com/shop?submit.x=0&submit.y=0&query=WSSA0030,2022_07_10,https://www.bobswatches.com/cartier/images/Cartier-Santos-de-Cartier-150066.png,https://www.bobswatches.com/cartier/images/Cartier-Santos-de-Cartier-150066.png,Cartier,Cartier,bobswatches,150066,150066,

311.30.42.30.01.005,No,No,Yes,Yes,4150,9549,https://www.chrono24.com/omega/speedmaster-moonwatch-dark-limited-edition-10--dlc---pvd--id8881569.htm,https://www.chrono24.com/search/index.htm?accessoryTypes=&dosearch=true&query=311.30.42.30.01.005&sortorder=1,,2022,PD,PD,https://www.chrono24.com/search/index.htm?accessoryTypes=&dosearch=true&query=311.30.42.30.01.005,2022_07_10,,https://cdn2.chrono24.com/images/uhren/8881569-6t17dnedcam40cb5h675qx69-ExtraLarge.jpg,,Omega,chrono24,,5AD299,
116500LN-0001,Yes,Yes,Yes,Yes,38551,43019,https://www.chrono24.com/rolex/rolex-daytona-116500ln-0001-unworn-2022-bp--id24034361.htm,https://www.chrono24.com/rolex/rolex-daytona--id22679191.htm,2017,2022,PD,PD,https://www.chrono24.com/search/index.htm?accessoryTypes=&dosearch=true&query=116500LN-0001,2022_07_10,https://cdn2.chrono24.com/images/uhren/22679191-8fx6yabgkbsnqqopaiz40yj4-ExtraLarge.jpg,https://cdn2.chrono24.com/images/uhren/24034361-2qyk7p76jakkbija9uft8ug6-ExtraLarge.jpg,Rolex,Rolex,chrono24,DI3DJ6,EB5150,
116500LN-0002,Yes,Yes,Yes,Yes,34000,39900,https://www.chrono24.com/rolex/cosmograph-daytona-oystersteel-black-dial-ceramic-bezel-mens-watch-m116500ln-0002--id24053855.htm,https://www.chrono24.com/rolex/daytona-116500ln-0002--id24401954.htm,2022,,PD,PD,https://www.chrono24.com/search/index.htm?accessoryTypes=&dosearch=true&query=116500LN-0002,2022_07_10,https://cdn2.chrono24.com/images/uhren/24401954-zux57m6n1uqxakmrpu7rzpfu-ExtraLarge.jpg,https://cdn2.chrono24.com/images/uhren/24053855-0u1mctxy3197c5sqkazhztdj-ExtraLarge.jpg,Rolex,Rolex,chrono24,EJ0O22,EBK2N2,
116610LN,Yes,Yes,Yes,Yes,12500,16875,https://www.chrono24.com/rolex/rolex-submariner-date-40mm-116610ln-2019-unworn-discontinued--id12604651.htm,https://www.chrono24.com/rolex/rolex-submariner-date--id24036367.htm,,2019,PD,PD,https://www.chrono24.com/search/index.htm?accessoryTypes=&dosearch=true&query=116610LN,2022_07_10,https://cdn2.chrono24.com/images/uhren/24036367-rxaxq9ro1wtbzzj7ko9pfpmn-ExtraLarge.jpg,https://cdn2.chrono24.com/images/uhren/images_51/s6/12604651_xxl_v1580759694960.jpg,Rolex,Rolex,chrono24,EB6KV2,7I5T78,
126610LV,Yes,Yes,Yes,Yes,18950,20800,https://www.chrono24.com/rolex/rolex-submariner-date-41mm-black-dial-kermit-green-ceramic-bezel-126610lv--id16592023.htm,https://www.chrono24.com/rolex/pre-owned--submariner-date-kermit-126610lv--id23469581.htm,2020,2021,PD,PD,https://www.chrono24.com/search/index.htm?accessoryTypes=&dosearch=true&query=126610LV,2022_07_10,https://cdn2.chrono24.com/images/uhren/23469581-q3zz6ttcm7qkferk4oim6lp3-ExtraLarge.jpg,https://cdn2.chrono24.com/images/uhren/16592023-s6rz4deluelrvvfdhhicvqf6-ExtraLarge.jpg,Rolex,Rolex,chrono24,DZ18T7,9VMHJ8,
116610LV,Yes,Yes,Yes,Yes,22911,22745,https://www.chrono24.com/rolex/rolex-submariner-date-40mm-green-hulk-116610lv-pre-owned-2012-full-kit--id24280451.htm,https://www.chrono24.com/rolex/110979-rolex----116610lv---ss-----id24461402.htm,2018,2012,PD,PD,https://www.chrono24.com/search/index.htm?accessoryTypes=&dosearch=true&query=116610LV,2022_07_10,https://cdn2.chrono24.com/images/uhren/24461402-agn0nbtmtrwj6vicsv14ttyr-ExtraLarge.jpg,https://cdn2.chrono24.com/images/uhren/24280451-gzskxq8uijk1k2nii918vydi-ExtraLarge.jpg,Rolex,Rolex,chrono24,EKAJE9,EGEWZ5,
124060,Yes,Yes,Yes,Yes,13205,13525,https://www.chrono24.com/rolex/rolex-submariner-no-date-41mm-124060-2021-unworn--id18743270.htm,https://www.chrono24.com/rolex/rolex-submariner-124060--id23600232.htm,2021(Approximation),2021,PD,PD,https://www.chrono24.com/search/index.htm?accessoryTypes=&dosearch=true&query=124060,2022_07_10,https://cdn2.chrono24.com/images/uhren/23600232-ds39b0s1t7u9jytgtkp196of-ExtraLarge.jpg,https://cdn2.chrono24.com/images/uhren/18743270-ozeuc4y56kyflvrgs4u89lri-ExtraLarge.jpg,Rolex,Rolex,chrono24,E1U205,B5QEE0,
16610,Yes,Yes,Yes,Yes,23650,11299,https://www.chrono24.com/rolex/submariner-16610---m-serial--id23879235.htm,https://www.chrono24.com/rolex/submariner-kermit-model-16610v--id24064409.htm,,,PD,PD,https://www.chrono24.com/search/index.htm?accessoryTypes=&dosearch=true&query=16610,2022_07_10,https://cdn2.chrono24.com/images/uhren/24064409-0pg3xqq95g18cwdj5k8zqpxf-ExtraLarge.jpg,https://cdn2.chrono24.com/images/uhren/23879235-el8t04nfd03gxv7i9w5zx2y3-ExtraLarge.jpg,Rolex,Rolex,chrono24,EBS7T0,E7TC32,
126610LN,Yes,Yes,Yes,Yes,14900,15250,https://www.chrono24.com/rolex/rolex-submariner-date---new-2022---available-now--id24349871.htm,https://www.chrono24.com/rolex/submariner-date-41mm---unworn--id23374425.htm,2021,2022,PS,PD,https://www.chrono24.com/search/index.htm?accessoryTypes=&dosearch=true&query=126610LN,2022_07_10,https://cdn2.chrono24.com/images/uhren/23374425-teko6aky4pxi068pubkqxy9n-ExtraLarge.jpg,https://cdn2.chrono24.com/images/uhren/24349871-5jwktyz39lf41bfo98tkdi3v-ExtraLarge.jpg,Rolex,Rolex,chrono24,DWZTL7,EHWHB5,
114060,Yes,Yes,Yes,Yes,12085,15495,https://www.chrono24.com/rolex/rolex-submariner-no-date-40mm-114060-2019-unworn-discontinued--id12647629.htm,https://www.chrono24.com/rolex/rolex-submariner--id23673315.htm,,2019,PD,PD,https://www.chrono24.com/search/index.htm?accessoryTypes=&dosearch=true&query=114060,2022_07_10,https://cdn2.chrono24.com/images/uhren/23673315-mn1w8x1eazqqflfflgwusxj1-ExtraLarge.jpg,https://cdn2.chrono24.com/images/uhren/images_29/s6/12647629_xxl_v1580759650315.jpg,Rolex,Rolex,chrono24,E3EG36,7J2Z14,
126600,Yes,Yes,Yes,Yes,16795,15825,https://www.chrono24.com/rolex/rolex-sea-dweller-sd43-126600-2021-unworn--id12605612.htm,https://www.chrono24.com/rolex/rolex-sea-dweller-sd43-126600-2022-unworn--id19743269.htm,2022,2021,PD,PD,https://www.chrono24.com/search/index.htm?accessoryTypes=&dosearch=true&query=126600,2022_07_10,https://cdn2.chrono24.com/images/uhren/19743269-4hzgxa76o3qfbpi75h8zz5tv-ExtraLarge.jpg,https://cdn2.chrono24.com/images/uhren/12605612-2fkuq88w6oiinhbzwlqq6hcs-ExtraLarge.jpg,Rolex,Rolex,chrono24,BR6053,7I6JW3,
116710LN,Yes,Yes,Yes,Yes,14950,70368,https://www.chrono24.com/rolex/rolex-2017-special-dial-gmt-master-ii-black-116710ln--id21255461.htm,https://www.chrono24.com/rolex/rolex-gmt-master-ii-ref-116710ln-discontinued-model--2016--id24437501.htm,2016,2017,PD,PD,https://www.chrono24.com/search/index.htm?accessoryTypes=&dosearch=true&query=116710LN,2022_07_10,https://cdn2.chrono24.com/images/uhren/24437501-ae62tfdmv0yz1vww8nbfplsq-ExtraLarge.jpg,https://cdn2.chrono24.com/images/uhren/21255461-tm4f9r7cvf4xsxhqs25czkzd-ExtraLarge.jpg,Rolex,Rolex,chrono24,EJS3H3,CNKTH1,
116900,Yes,Yes,Yes,Yes,8903,10345,https://www.chrono24.com/rolex/rolex-air-king-116900-unworn-2020-discontinued--id15077064.htm,https://www.chrono24.com/rolex/--116900--id23979224.htm,,2020,PD,PD,https://www.chrono24.com/search/index.htm?accessoryTypes=&dosearch=true&query=116900,2022_07_10,https://cdn2.chrono24.com/images/uhren/23979224-2qsxnno78bvaywe1e2kuzh2o-ExtraLarge.jpg,https://cdn2.chrono24.com/images/uhren/15077064-2uhc2181zd178f7wukawx4m8-ExtraLarge.jpg,Rolex,Rolex,chrono24,E9YHK4,8Z5JC2,
16570 BLK IX OYS,Yes,Yes,Yes,Yes,341,17834,https://www.chrono24.com/rolex/new-explorer-ii-16570-40mm-automatic-steel-black-boxpaperswarnty-rl325--id15197708.htm,https://www.chrono24.com/doxa/d-chrono-1657008101--id20560042.htm,,2010,PD,PD,https://www.chrono24.com/search/index.htm?currencyId=USD&dialColor=702&dosearch=true&maxAgeInDays=0&pageSize=60&query=16570&redirectToSearchIndex=true&resultview=list,2022_07_10,https://cdn2.chrono24.com/images/uhren/20560042-a93bu11dlv49sak48w39st7k-ExtraLarge.jpg,https://cdn2.chrono24.com/images/uhren/15197708-qd11wircfg1swfydo3uge2yf-ExtraLarge.jpg,Doxa,Rolex,chrono24,C8O8A5,91QMK9,
16570 WHT IX OYS,Yes,Yes,Yes,Yes,2495,20730,https://www.chrono24.com/rolex/rolex-explorer-ii-16570-full-stickers-qr-code-nos-polar-2010-full-set-rrr-card--id21083436.htm,https://www.chrono24.com/jaegerlecoultre/odysseus-165706-18k-yellow-rose-gold-date-quartz-34mm-watc--id21934454.htm,,2010,PD,PD,https://www.chrono24.com/search/index.htm?currencyId=USD&dialColor=701&dosearch=true&maxAgeInDays=0&pageSize=60&query=16570&redirectToSearchIndex=true&resultview=list,2022_07_10,https://cdn2.chrono24.com/images/uhren/21934454-6r6nbyzielv0ctgaq08btqum-ExtraLarge.jpg,https://cdn2.chrono24.com/images/uhren/21083436-h9loayorct3zxqwb30qyga25-ExtraLarge.jpg,Jaeger-LeCoultre,Rolex,chrono24,D24QE6,CJW306,
116613LB,Yes,Yes,Yes,Yes,16875,16875,https://www.chrono24.com/rolex/rolex-submariner-date-116613lb-2016-box--papers-blue-yellow-gold--steel-40-mm--id23336192.htm,https://www.chrono24.com/rolex/rolex-submariner-date-116613lb-2016-box--papers-blue-yellow-gold--steel-40-mm--id23336192.htm,2016,2016,PD,PD,https://www.chrono24.com/search/index.htm?accessoryTypes=&dosearch=true&query=116613LB,2022_07_10,https://cdn2.chrono24.com/images/uhren/23336192-686gbtjslmcnsx9i01d3os3r-ExtraLarge.jpg,https://cdn2.chrono24.com/images/uhren/23336192-686gbtjslmcnsx9i01d3os3r-ExtraLarge.jpg,Rolex,Rolex,chrono24,DW6BK6,DW6BK6,
126711CHNR,Yes,Yes,Yes,Yes,23888,22975,https://www.chrono24.com/rolex/rolex-gmt-master-ii-rootbeer-126711chnr-2021-unworn--id12605286.htm,https://www.chrono24.com/rolex/rolex-gmt-master-ii---new-in-stock-2022--id23174184.htm,2022,2021,PD,PD,https://www.chrono24.com/search/index.htm?accessoryTypes=&dosearch=true&query=126711CHNR,2022_07_10,https://cdn2.chrono24.com/images/uhren/23174184-ag1km19d4d9estg4kk7uel7x-ExtraLarge.jpg,https://cdn2.chrono24.com/images/uhren/12605286-acivpftxqx8pp2fqasrfphg8-ExtraLarge.jpg,Rolex,Rolex,chrono24,DSPBC7,7I6AU6,
126710BLRO-0001,Yes,Yes,Yes,Yes,23542,38022,https://www.chrono24.com/rolex/rolex-gmt-master-ii-pepsi-ref-126710-blro-box--paper-full-set-new-year-072021-partial-sticker--id22937529.htm,https://www.chrono24.com/rolex/rolex-2019-gmt-master-ii-redblue-126710blro-0001--id22423566.htm,2019,2021,PD,PD,https://www.chrono24.com/search/index.htm?accessoryTypes=&dosearch=true&query=126710BLRO-0001,2022_07_10,https://cdn2.chrono24.com/images/uhren/22423566-n1jjmzqzt5akrjddui55n8gc-ExtraLarge.jpg,https://cdn2.chrono24.com/images/uhren/22937529-ejd3bpr5q9yiufd45raj8yft-ExtraLarge.jpg,Rolex,Rolex,chrono24,DCM4U9,DNMPL4,
126710BLNR-0002,Yes,Yes,Yes,Yes,23959,23959,https://www.chrono24.com/rolex/rolex-gmt-master-ii-batgirl--id18697874.htm,https://www.chrono24.com/rolex/rolex-gmt-master-ii-batgirl--id18697874.htm,2021,2021,PD,PD,https://www.chrono24.com/search/index.htm?accessoryTypes=&dosearch=true&query=126710BLNR-0002,2022_07_10,https://cdn2.chrono24.com/images/uhren/18697874-a12vxhort46tumwuvm7yjhk8-ExtraLarge.jpg,https://cdn2.chrono24.com/images/uhren/18697874-a12vxhort46tumwuvm7yjhk8-ExtraLarge.jpg,Rolex,Rolex,chrono24,B4RDE5,B4RDE5,
311.30.42.30.01.006,Yes,Yes,Yes,Yes,4600,8229,https://www.chrono24.com/omega/omega-omega-speedmaster-moonwatch-dial--hands-original-apolo-xi-35th-anniversary-january-2020--id23708582.htm,https://www.chrono24.com/omega/speedmaster-professional-moonwatch--id24112409.htm,2017,2020,PS,PD,https://www.chrono24.com/search/index.htm?accessoryTypes=&dosearch=true&query=311.30.42.30.01.006,2022_07_10,https://cdn2.chrono24.com/images/uhren/24112409-eiotn0s7gieldk80122unzea-ExtraLarge.jpg,https://cdn2.chrono24.com/images/uhren/23708582-btlzgg8xx3x4f0wotvs87rlo-ExtraLarge.jpg,Omega,Omega,chrono24,ECT957,E45NQ9,
79830RB-0001,Yes,Yes,Yes,Yes,3192,5500,https://www.chrono24.com/tudor/tudor-black-bay-gmt---m79830rb-0001--id15789279.htm,https://www.chrono24.com/tudor/m79830rb-0001gmt--id24392592.htm,,2020,PD,PD,https://www.chrono24.com/search/index.htm?accessoryTypes=&dosearch=true&query=79830RB-0001,2022_07_10,https://cdn2.chrono24.com/images/uhren/24392592-amtyucaqeu16awrfrnazyj2o-ExtraLarge.jpg,https://cdn2.chrono24.com/images/uhren/15789047-3orr1kzn3kpdd4brgeasruql-ExtraLarge.jpg,Tudor,Tudor,chrono24,EITG06,9EF338,
79030B-0001,Yes,Yes,Yes,Yes,3529,3529,https://www.chrono24.com/tudor/tudor-79030b-0001---black-bay-fifty-eight-automatic-blue-dial-mens-watch--id15628267.htm,https://www.chrono24.com/tudor/tudor-79030b-0001---black-bay-fifty-eight-automatic-blue-dial-mens-watch--id15628267.htm,2022,2022,PD,PD,https://www.chrono24.com/search/index.htm?accessoryTypes=&dosearch=true&query=79030B-0001,2022_07_10,https://cdn2.chrono24.com/images/uhren/15628267-geopu97q1s4som5qisvv6l16-ExtraLarge.jpg,https://cdn2.chrono24.com/images/uhren/15628267-geopu97q1s4som5qisvv6l16-ExtraLarge.jpg,Tudor,Tudor,chrono24,9AYUJ3,9AYUJ3,
214270-0003,Yes,Yes,Yes,Yes,9636,12495,https://www.chrono24.com/rolex/explorer-black-luminous-dial-mens-watch-214270-0003--id21481216.htm,https://www.chrono24.com/rolex/explorer-39--i-first-series---g-serial-2010-box--papers--id20406243.htm,2010,,PD,PD,https://www.chrono24.com/search/index.htm?accessoryTypes=&dosearch=true&query=214270-0003,2022_07_10,https://cdn2.chrono24.com/images/uhren/20406243-54xfm24rcvm3jnm69ondxmct-ExtraLarge.jpg,https://cdn2.chrono24.com/images/uhren/21481216-i5h4lws9z5pa7p6m5hq72mwo-ExtraLarge.jpg,Rolex,Rolex,chrono24,C5DK32,CSF0G0,
311.32.40.30.01.001,Yes,Yes,Yes,Yes,20950,20950,https://www.chrono24.com/omega/omega-speedmaster-moonwatch-calibre-321-ed-white-31130403001001-new--id23563276.htm,https://www.chrono24.com/omega/omega-speedmaster-moonwatch-calibre-321-ed-white-31130403001001-new--id23563276.htm,2022,2022,PD,PD,https://www.chrono24.com/search/index.htm?accessoryTypes=&dosearch=true&query=311.32.40.30.01.001,2022_07_10,https://cdn2.chrono24.com/images/uhren/23563276-l0x6m8siiizoffew9gekuxew-ExtraLarge.jpg,https://cdn2.chrono24.com/images/uhren/23563276-l0x6m8siiizoffew9gekuxew-ExtraLarge.jpg,Omega,Omega,chrono24,E11JG9,E11JG9,
79250BM-0001,Yes,Yes,Yes,Yes,3000,4335,https://www.chrono24.com/tudor/tudor-heritage-black-bay--id15327534.htm,https://www.chrono24.com/tudor/black-bay-bronze--id22862366.htm,2016,,PS,PD,https://www.chrono24.com/search/index.htm?accessoryTypes=&dosearch=true&query=79250BM-0001,2022_07_10,https://cdn2.chrono24.com/images/uhren/22862366-p80r9lahpb3h1h8yv0zkuttk-ExtraLarge.jpg,https://cdn2.chrono24.com/images/uhren/15327534-ijat6qgbwz0sha1etr1x4j67-ExtraLarge.jpg,Tudor,Tudor,chrono24,DM0PQ8,94ISU4,
WSSA0030,Yes,Yes,Yes,Yes,6975,6975,https://www.chrono24.com/cartier/cartier-santos-de-cartier-large-blue-dial-wssa0030-new--id22530522.htm,https://www.chrono24.com/cartier/cartier-santos-de-cartier-large-blue-dial-wssa0030-new--id22530522.htm,2022,2022,PD,PD,https://www.chrono24.com/search/index.htm?accessoryTypes=&dosearch=true&query=WSSA0030,2022_07_10,https://cdn2.chrono24.com/images/uhren/22530522-n5ha9jnbe6lv5nv2uezsvy91-ExtraLarge.jpg,https://cdn2.chrono24.com/images/uhren/22530522-n5ha9jnbe6lv5nv2uezsvy91-ExtraLarge.jpg,Cartier,Cartier,chrono24,DEWNU7,DEWNU7,
